{
  "order": [
    "아시아",
    "아프리카",
    "유럽",
    "북아메리카",
    "남아메리카",
    "오세아니아"
  ],
  "byContinent": {
    "아시아": [
      {
        "code": "KR",
        "name": "대한민국"
      },
      {
        "code": "JP",
        "name": "일본"
      },
      {
        "code": "CN",
        "name": "중국"
      },
      {
        "code": "HK",
        "name": "홍콩"
      },
      {
        "code": "MO",
        "name": "마카오"
      },
      {
        "code": "TW",
        "name": "대만"
      },
      {
        "code": "SG",
        "name": "싱가포르"
      },
      {
        "code": "MY",
        "name": "말레이시아"
      },
      {
        "code": "TH",
        "name": "태국"
      },
      {
        "code": "VN",
        "name": "베트남"
      },
      {
        "code": "PH",
        "name": "필리핀"
      },
      {
        "code": "ID",
        "name": "인도네시아"
      },
      {
        "code": "BN",
        "name": "브루나이"
      },
      {
        "code": "AE",
        "name": "아랍에미리트"
      },
      {
        "code": "SA",
        "name": "사우디아라비아"
      },
      {
        "code": "QA",
        "name": "카타르"
      },
      {
        "code": "KW",
        "name": "쿠웨이트"
      },
      {
        "code": "BH",
        "name": "바레인"
      },
      {
        "code": "OM",
        "name": "오만"
      },
      {
        "code": "JO",
        "name": "요르단"
      },
      {
        "code": "IL",
        "name": "이스라엘"
      },
      {
        "code": "TR",
        "name": "튀르키예"
      },
      {
        "code": "IN",
        "name": "인도"
      },
      {
        "code": "KZ",
        "name": "카자흐스탄"
      },
      {
        "code": "AZ",
        "name": "아제르바이잔"
      },
      {
        "code": "GE",
        "name": "조지아"
      },
      {
        "code": "AM",
        "name": "아르메니아"
      },
      {
        "code": "LK",
        "name": "스리랑카"
      },
      {
        "code": "MN",
        "name": "몽골"
      },
      {
        "code": "UZ",
        "name": "우즈베키스탄"
      },
      {
        "code": "KG",
        "name": "키르기스스탄"
      },
      {
        "code": "NP",
        "name": "네팔"
      },
      {
        "code": "PK",
        "name": "파키스탄"
      },
      {
        "code": "BT",
        "name": "부탄"
      },
      {
        "code": "MM",
        "name": "미얀마"
      }
    ],
    "아프리카": [
      {
        "code": "ZA",
        "name": "남아프리카공화국"
      },
      {
        "code": "EG",
        "name": "이집트"
      },
      {
        "code": "MA",
        "name": "모로코"
      },
      {
        "code": "DZ",
        "name": "알제리"
      },
      {
        "code": "TN",
        "name": "튀니지"
      },
      {
        "code": "KE",
        "name": "케냐"
      },
      {
        "code": "GH",
        "name": "가나"
      },
      {
        "code": "NG",
        "name": "나이지리아"
      },
      {
        "code": "SN",
        "name": "세네갈"
      },
      {
        "code": "CI",
        "name": "코트디부아르"
      },
      {
        "code": "BW",
        "name": "보츠와나"
      },
      {
        "code": "NA",
        "name": "나미비아"
      },
      {
        "code": "MU",
        "name": "모리셔스"
      },
      {
        "code": "SC",
        "name": "세이셸"
      },
      {
        "code": "TZ",
        "name": "탄자니아"
      },
      {
        "code": "CM",
        "name": "카메룬"
      },
      {
        "code": "UG",
        "name": "우간다"
      },
      {
        "code": "RW",
        "name": "르완다"
      }
    ],
    "유럽": [
      {
        "code": "AT",
        "name": "오스트리아"
      },
      {
        "code": "BE",
        "name": "벨기에"
      },
      {
        "code": "BG",
        "name": "불가리아"
      },
      {
        "code": "CH",
        "name": "스위스"
      },
      {
        "code": "CY",
        "name": "키프로스"
      },
      {
        "code": "CZ",
        "name": "체코"
      },
      {
        "code": "DE",
        "name": "독일"
      },
      {
        "code": "DK",
        "name": "덴마크"
      },
      {
        "code": "EE",
        "name": "에스토니아"
      },
      {
        "code": "ES",
        "name": "스페인"
      },
      {
        "code": "FI",
        "name": "핀란드"
      },
      {
        "code": "FR",
        "name": "프랑스"
      },
      {
        "code": "GB",
        "name": "영국"
      },
      {
        "code": "GR",
        "name": "그리스"
      },
      {
        "code": "HR",
        "name": "크로아티아"
      },
      {
        "code": "HU",
        "name": "헝가리"
      },
      {
        "code": "IE",
        "name": "아일랜드"
      },
      {
        "code": "IS",
        "name": "아이슬란드"
      },
      {
        "code": "IT",
        "name": "이탈리아"
      },
      {
        "code": "LT",
        "name": "리투아니아"
      },
      {
        "code": "LU",
        "name": "룩셈부르크"
      },
      {
        "code": "LV",
        "name": "라트비아"
      },
      {
        "code": "NL",
        "name": "네덜란드"
      },
      {
        "code": "NO",
        "name": "노르웨이"
      },
      {
        "code": "PL",
        "name": "폴란드"
      },
      {
        "code": "PT",
        "name": "포르투갈"
      },
      {
        "code": "RO",
        "name": "루마니아"
      },
      {
        "code": "SE",
        "name": "스웨덴"
      },
      {
        "code": "SI",
        "name": "슬로베니아"
      },
      {
        "code": "SK",
        "name": "슬로바키아"
      }
    ],
    "북아메리카": [
      {
        "code": "US",
        "name": "미국"
      },
      {
        "code": "CA",
        "name": "캐나다"
      },
      {
        "code": "MX",
        "name": "멕시코"
      },
      {
        "code": "PA",
        "name": "파나마"
      },
      {
        "code": "CR",
        "name": "코스타리카"
      },
      {
        "code": "DO",
        "name": "도미니카공화국"
      },
      {
        "code": "JM",
        "name": "자메이카"
      },
      {
        "code": "BS",
        "name": "바하마"
      },
      {
        "code": "BB",
        "name": "바베이도스"
      }
    ],
    "남아메리카": [
      {
        "code": "AR",
        "name": "아르헨티나"
      },
      {
        "code": "BR",
        "name": "브라질"
      },
      {
        "code": "CL",
        "name": "칠레"
      },
      {
        "code": "CO",
        "name": "콜롬비아"
      },
      {
        "code": "EC",
        "name": "에콰도르"
      },
      {
        "code": "PE",
        "name": "페루"
      },
      {
        "code": "UY",
        "name": "우루과이"
      },
      {
        "code": "PY",
        "name": "파라과이"
      },
      {
        "code": "BO",
        "name": "볼리비아"
      }
    ],
    "오세아니아": [
      {
        "code": "AU",
        "name": "호주"
      },
      {
        "code": "NZ",
        "name": "뉴질랜드"
      },
      {
        "code": "FJ",
        "name": "피지"
      },
      {
        "code": "WS",
        "name": "사모아"
      },
      {
        "code": "PG",
        "name": "파푸아뉴기니"
      },
      {
        "code": "TO",
        "name": "통가"
      }
    ]
  }
}