[
  {
    "sku": "JP-001",
    "title": "Apple iPhone 15 Pro",
    "brand": "Apple",
    "price": 155000,
    "currency": "JPY",
    "buy_url": "https://www.apple.com/jp/iphone-15-pro/"
  },
  {
    "sku": "JP-002",
    "title": "Sony WH-1000XM5",
    "brand": "Sony",
    "price": 54800,
    "currency": "JPY",
    "buy_url": "https://www.sony.jp/headphone/products/WH-1000XM5/"
  },
  {
    "sku": "JP-003",
    "title": "JP Sample 3",
    "brand": "Brand",
    "price": 10003,
    "currency": "JPY",
    "buy_url": "https://www.apple.com/jp/iphone-15-pro/"
  },
  {
    "sku": "JP-004",
    "title": "JP Sample 4",
    "brand": "Brand",
    "price": 10004,
    "currency": "JPY",
    "buy_url": "https://www.apple.com/jp/iphone-15-pro/"
  },
  {
    "sku": "JP-005",
    "title": "JP Sample 5",
    "brand": "Brand",
    "price": 10005,
    "currency": "JPY",
    "buy_url": "https://www.apple.com/jp/iphone-15-pro/"
  },
  {
    "sku": "JP-006",
    "title": "JP Sample 6",
    "brand": "Brand",
    "price": 10006,
    "currency": "JPY",
    "buy_url": "https://www.apple.com/jp/iphone-15-pro/"
  },
  {
    "sku": "JP-007",
    "title": "JP Sample 7",
    "brand": "Brand",
    "price": 10007,
    "currency": "JPY",
    "buy_url": "https://www.apple.com/jp/iphone-15-pro/"
  },
  {
    "sku": "JP-008",
    "title": "JP Sample 8",
    "brand": "Brand",
    "price": 10008,
    "currency": "JPY",
    "buy_url": "https://www.apple.com/jp/iphone-15-pro/"
  },
  {
    "sku": "JP-009",
    "title": "JP Sample 9",
    "brand": "Brand",
    "price": 10009,
    "currency": "JPY",
    "buy_url": "https://www.apple.com/jp/iphone-15-pro/"
  },
  {
    "sku": "JP-010",
    "title": "JP Sample 10",
    "brand": "Brand",
    "price": 10010,
    "currency": "JPY",
    "buy_url": "https://www.apple.com/jp/iphone-15-pro/"
  },
  {
    "sku": "JP-011",
    "title": "JP Sample 11",
    "brand": "Brand",
    "price": 10011,
    "currency": "JPY",
    "buy_url": "https://www.apple.com/jp/iphone-15-pro/"
  },
  {
    "sku": "JP-012",
    "title": "JP Sample 12",
    "brand": "Brand",
    "price": 10012,
    "currency": "JPY",
    "buy_url": "https://www.apple.com/jp/iphone-15-pro/"
  },
  {
    "sku": "JP-013",
    "title": "JP Sample 13",
    "brand": "Brand",
    "price": 10013,
    "currency": "JPY",
    "buy_url": "https://www.apple.com/jp/iphone-15-pro/"
  },
  {
    "sku": "JP-014",
    "title": "JP Sample 14",
    "brand": "Brand",
    "price": 10014,
    "currency": "JPY",
    "buy_url": "https://www.apple.com/jp/iphone-15-pro/"
  },
  {
    "sku": "JP-015",
    "title": "JP Sample 15",
    "brand": "Brand",
    "price": 10015,
    "currency": "JPY",
    "buy_url": "https://www.apple.com/jp/iphone-15-pro/"
  },
  {
    "sku": "JP-016",
    "title": "JP Sample 16",
    "brand": "Brand",
    "price": 10016,
    "currency": "JPY",
    "buy_url": "https://www.apple.com/jp/iphone-15-pro/"
  },
  {
    "sku": "JP-017",
    "title": "JP Sample 17",
    "brand": "Brand",
    "price": 10017,
    "currency": "JPY",
    "buy_url": "https://www.apple.com/jp/iphone-15-pro/"
  },
  {
    "sku": "JP-018",
    "title": "JP Sample 18",
    "brand": "Brand",
    "price": 10018,
    "currency": "JPY",
    "buy_url": "https://www.apple.com/jp/iphone-15-pro/"
  },
  {
    "sku": "JP-019",
    "title": "JP Sample 19",
    "brand": "Brand",
    "price": 10019,
    "currency": "JPY",
    "buy_url": "https://www.apple.com/jp/iphone-15-pro/"
  },
  {
    "sku": "JP-020",
    "title": "JP Sample 20",
    "brand": "Brand",
    "price": 10020,
    "currency": "JPY",
    "buy_url": "https://www.apple.com/jp/iphone-15-pro/"
  }
]